[{"model": "admin.logentry", "pk": 1, "fields": {"action_time": "2025-05-19T22:44:25.989Z", "user": 1, "content_type": 3, "object_id": "1", "object_repr": "admin", "action_flag": 1, "change_message": "[{\"added\": {}}]"}}, {"model": "admin.logentry", "pk": 2, "fields": {"action_time": "2025-05-19T22:45:12.005Z", "user": 1, "content_type": 3, "object_id": "2", "object_repr": "user", "action_flag": 1, "change_message": "[{\"added\": {}}]"}}, {"model": "admin.logentry", "pk": 3, "fields": {"action_time": "2025-05-19T22:45:23.867Z", "user": 1, "content_type": 3, "object_id": "3", "object_repr": "trainer", "action_flag": 1, "change_message": "[{\"added\": {}}]"}}, {"model": "admin.logentry", "pk": 4, "fields": {"action_time": "2025-05-20T21:33:38.648Z", "user": 1, "content_type": 4, "object_id": "1", "object_repr": "soham", "action_flag": 2, "change_message": "[{\"changed\": {\"fields\": [\"Groups\"]}}]"}}, {"model": "admin.logentry", "pk": 5, "fields": {"action_time": "2025-05-20T21:33:57.945Z", "user": 1, "content_type": 4, "object_id": "2", "object_repr": "dj", "action_flag": 2, "change_message": "[{\"changed\": {\"fields\": [\"Groups\"]}}]"}}, {"model": "admin.logentry", "pk": 6, "fields": {"action_time": "2025-05-20T21:34:15.853Z", "user": 1, "content_type": 4, "object_id": "3", "object_repr": "cj", "action_flag": 2, "change_message": "[{\"changed\": {\"fields\": [\"Groups\"]}}]"}}, {"model": "admin.logentry", "pk": 7, "fields": {"action_time": "2025-05-20T21:34:27.817Z", "user": 1, "content_type": 4, "object_id": "4", "object_repr": "tj", "action_flag": 2, "change_message": "[{\"changed\": {\"fields\": [\"Groups\"]}}]"}}, {"model": "admin.logentry", "pk": 8, "fields": {"action_time": "2025-05-31T15:57:24.787Z", "user": 1, "content_type": 7, "object_id": "6", "object_repr": "rj - user", "action_flag": 2, "change_message": "[]"}}, {"model": "admin.logentry", "pk": 9, "fields": {"action_time": "2025-05-31T15:59:57.306Z", "user": 1, "content_type": 4, "object_id": "7", "object_repr": "rj", "action_flag": 2, "change_message": "[{\"changed\": {\"fields\": [\"Groups\"]}}]"}}, {"model": "admin.logentry", "pk": 10, "fields": {"action_time": "2025-05-31T16:03:24.618Z", "user": 1, "content_type": 8, "object_id": "3", "object_repr": "TrainerRequest object (3)", "action_flag": 3, "change_message": ""}}, {"model": "admin.logentry", "pk": 11, "fields": {"action_time": "2025-05-31T16:03:24.618Z", "user": 1, "content_type": 8, "object_id": "2", "object_repr": "TrainerRequest object (2)", "action_flag": 3, "change_message": ""}}, {"model": "admin.logentry", "pk": 12, "fields": {"action_time": "2025-05-31T16:03:24.618Z", "user": 1, "content_type": 8, "object_id": "1", "object_repr": "TrainerRequest object (1)", "action_flag": 3, "change_message": ""}}, {"model": "admin.logentry", "pk": 13, "fields": {"action_time": "2025-06-01T12:02:14.224Z", "user": 1, "content_type": 9, "object_id": "2", "object_repr": "localhost:8000", "action_flag": 1, "change_message": "[{\"added\": {}}]"}}, {"model": "admin.logentry", "pk": 14, "fields": {"action_time": "2025-06-01T12:02:43.750Z", "user": 1, "content_type": 13, "object_id": "1", "object_repr": "Google Login", "action_flag": 1, "change_message": "[{\"added\": {}}]"}}, {"model": "admin.logentry", "pk": 15, "fields": {"action_time": "2025-06-01T14:42:50.462Z", "user": 1, "content_type": 13, "object_id": "1", "object_repr": "Google Login", "action_flag": 2, "change_message": "[{\"changed\": {\"fields\": [\"Sites\"]}}]"}}, {"model": "admin.logentry", "pk": 16, "fields": {"action_time": "2025-06-01T14:45:41.206Z", "user": 1, "content_type": 13, "object_id": "1", "object_repr": "Google Login", "action_flag": 2, "change_message": "[{\"changed\": {\"fields\": [\"Sites\"]}}]"}}, {"model": "admin.logentry", "pk": 17, "fields": {"action_time": "2025-06-01T14:49:14.050Z", "user": 1, "content_type": 13, "object_id": "1", "object_repr": "Google Login", "action_flag": 2, "change_message": "[]"}}, {"model": "admin.logentry", "pk": 18, "fields": {"action_time": "2025-06-01T14:52:28.978Z", "user": 1, "content_type": 13, "object_id": "1", "object_repr": "Google Login", "action_flag": 3, "change_message": ""}}, {"model": "admin.logentry", "pk": 19, "fields": {"action_time": "2025-06-01T14:54:25.726Z", "user": 1, "content_type": 13, "object_id": "2", "object_repr": "Google Login", "action_flag": 1, "change_message": "[{\"added\": {}}]"}}, {"model": "admin.logentry", "pk": 20, "fields": {"action_time": "2025-06-01T17:13:42.918Z", "user": 1, "content_type": 8, "object_id": "4", "object_repr": "TrainerRequest object (4)", "action_flag": 2, "change_message": "[]"}}, {"model": "admin.logentry", "pk": 21, "fields": {"action_time": "2025-06-01T17:14:17.105Z", "user": 1, "content_type": 8, "object_id": "4", "object_repr": "TrainerRequest object (4)", "action_flag": 2, "change_message": "[]"}}, {"model": "admin.logentry", "pk": 22, "fields": {"action_time": "2025-06-01T17:14:25.191Z", "user": 1, "content_type": 8, "object_id": "4", "object_repr": "TrainerRequest object (4)", "action_flag": 2, "change_message": "[]"}}, {"model": "admin.logentry", "pk": 23, "fields": {"action_time": "2025-06-13T22:56:28.824Z", "user": 1, "content_type": 16, "object_id": "1", "object_repr": "private_chat", "action_flag": 1, "change_message": "[{\"added\": {}}]"}}, {"model": "admin.logentry", "pk": 24, "fields": {"action_time": "2025-06-13T22:56:49.532Z", "user": 1, "content_type": 15, "object_id": "1", "object_repr": "None : hi", "action_flag": 1, "change_message": "[{\"added\": {}}]"}}, {"model": "admin.logentry", "pk": 25, "fields": {"action_time": "2025-06-13T22:57:01.755Z", "user": 1, "content_type": 15, "object_id": "1", "object_repr": "None : hi", "action_flag": 2, "change_message": "[]"}}, {"model": "admin.logentry", "pk": 26, "fields": {"action_time": "2025-06-13T22:58:57.014Z", "user": 1, "content_type": 7, "object_id": "1", "object_repr": "dj - user", "action_flag": 2, "change_message": "[{\"changed\": {\"fields\": [\"Username\", \"First name\", \"Last name\", \"Age\", \"Gender\", \"Phone number\", \"Whatsapp number\", \"Email\", \"Address\", \"Profile pic\"]}}]"}}, {"model": "admin.logentry", "pk": 27, "fields": {"action_time": "2025-06-13T23:01:40.044Z", "user": 1, "content_type": 15, "object_id": "1", "object_repr": "dj : hi", "action_flag": 3, "change_message": ""}}, {"model": "admin.logentry", "pk": 28, "fields": {"action_time": "2025-06-13T23:02:02.667Z", "user": 1, "content_type": 15, "object_id": "2", "object_repr": "rj : hi", "action_flag": 1, "change_message": "[{\"added\": {}}]"}}, {"model": "admin.logentry", "pk": 29, "fields": {"action_time": "2025-06-13T23:02:16.581Z", "user": 1, "content_type": 15, "object_id": "3", "object_repr": "io : yo", "action_flag": 1, "change_message": "[{\"added\": {}}]"}}, {"model": "admin.logentry", "pk": 30, "fields": {"action_time": "2025-06-13T23:05:59.609Z", "user": 1, "content_type": 7, "object_id": "7", "object_repr": "io - user", "action_flag": 2, "change_message": "[{\"changed\": {\"fields\": [\"First name\", \"Last name\", \"Age\", \"Gender\", \"Phone number\", \"Whatsapp number\", \"Address\", \"Profile pic\"]}}]"}}, {"model": "admin.logentry", "pk": 31, "fields": {"action_time": "2025-06-14T21:20:14.795Z", "user": 1, "content_type": 15, "object_id": "2", "object_repr": "rj : hi", "action_flag": 3, "change_message": ""}}, {"model": "admin.logentry", "pk": 32, "fields": {"action_time": "2025-06-14T21:20:14.795Z", "user": 1, "content_type": 15, "object_id": "3", "object_repr": "io : yo", "action_flag": 3, "change_message": ""}}, {"model": "admin.logentry", "pk": 33, "fields": {"action_time": "2025-06-14T21:20:14.795Z", "user": 1, "content_type": 15, "object_id": "8", "object_repr": "io : hey1", "action_flag": 3, "change_message": ""}}, {"model": "admin.logentry", "pk": 34, "fields": {"action_time": "2025-06-14T21:20:14.795Z", "user": 1, "content_type": 15, "object_id": "9", "object_repr": "io : hey1", "action_flag": 3, "change_message": ""}}, {"model": "admin.logentry", "pk": 35, "fields": {"action_time": "2025-06-14T21:20:14.795Z", "user": 1, "content_type": 15, "object_id": "10", "object_repr": "io : hey1", "action_flag": 3, "change_message": ""}}, {"model": "admin.logentry", "pk": 36, "fields": {"action_time": "2025-06-14T21:20:14.795Z", "user": 1, "content_type": 15, "object_id": "11", "object_repr": "io : ki?", "action_flag": 3, "change_message": ""}}, {"model": "admin.logentry", "pk": 37, "fields": {"action_time": "2025-06-14T21:20:14.795Z", "user": 1, "content_type": 15, "object_id": "12", "object_repr": "io : ki?", "action_flag": 3, "change_message": ""}}, {"model": "admin.logentry", "pk": 38, "fields": {"action_time": "2025-06-14T21:20:14.795Z", "user": 1, "content_type": 15, "object_id": "13", "object_repr": "io : ok", "action_flag": 3, "change_message": ""}}, {"model": "admin.logentry", "pk": 39, "fields": {"action_time": "2025-06-14T21:20:14.795Z", "user": 1, "content_type": 15, "object_id": "14", "object_repr": "rj : what?", "action_flag": 3, "change_message": ""}}, {"model": "admin.logentry", "pk": 40, "fields": {"action_time": "2025-06-14T21:20:14.795Z", "user": 1, "content_type": 15, "object_id": "15", "object_repr": "rj : heh", "action_flag": 3, "change_message": ""}}, {"model": "admin.logentry", "pk": 41, "fields": {"action_time": "2025-06-14T21:20:14.795Z", "user": 1, "content_type": 15, "object_id": "4", "object_repr": "io : lol", "action_flag": 3, "change_message": ""}}, {"model": "admin.logentry", "pk": 42, "fields": {"action_time": "2025-06-14T21:20:14.795Z", "user": 1, "content_type": 15, "object_id": "5", "object_repr": "io : lol", "action_flag": 3, "change_message": ""}}, {"model": "admin.logentry", "pk": 43, "fields": {"action_time": "2025-06-14T21:20:14.795Z", "user": 1, "content_type": 15, "object_id": "6", "object_repr": "io : hey", "action_flag": 3, "change_message": ""}}, {"model": "admin.logentry", "pk": 44, "fields": {"action_time": "2025-06-14T21:20:14.795Z", "user": 1, "content_type": 15, "object_id": "7", "object_repr": "io : hey1", "action_flag": 3, "change_message": ""}}, {"model": "admin.logentry", "pk": 45, "fields": {"action_time": "2025-06-14T21:22:14.528Z", "user": 1, "content_type": 15, "object_id": "16", "object_repr": "rj : hi", "action_flag": 1, "change_message": "[{\"added\": {}}]"}}, {"model": "admin.logentry", "pk": 46, "fields": {"action_time": "2025-06-14T22:19:01.219Z", "user": 1, "content_type": 15, "object_id": "17", "object_repr": "rj : hey", "action_flag": 3, "change_message": ""}}, {"model": "admin.logentry", "pk": 47, "fields": {"action_time": "2025-06-14T22:19:01.219Z", "user": 1, "content_type": 15, "object_id": "18", "object_repr": "rj : hey", "action_flag": 3, "change_message": ""}}, {"model": "admin.logentry", "pk": 48, "fields": {"action_time": "2025-06-14T22:19:01.219Z", "user": 1, "content_type": 15, "object_id": "19", "object_repr": "rj : hey2", "action_flag": 3, "change_message": ""}}, {"model": "admin.logentry", "pk": 49, "fields": {"action_time": "2025-06-14T22:19:01.219Z", "user": 1, "content_type": 15, "object_id": "20", "object_repr": "rj : hey2", "action_flag": 3, "change_message": ""}}, {"model": "admin.logentry", "pk": 50, "fields": {"action_time": "2025-06-14T22:19:01.220Z", "user": 1, "content_type": 15, "object_id": "21", "object_repr": "rj : hey2", "action_flag": 3, "change_message": ""}}, {"model": "admin.logentry", "pk": 51, "fields": {"action_time": "2025-06-14T22:19:01.220Z", "user": 1, "content_type": 15, "object_id": "22", "object_repr": "rj : hey2", "action_flag": 3, "change_message": ""}}, {"model": "admin.logentry", "pk": 52, "fields": {"action_time": "2025-06-14T22:19:01.220Z", "user": 1, "content_type": 15, "object_id": "23", "object_repr": "rj : hey3", "action_flag": 3, "change_message": ""}}, {"model": "admin.logentry", "pk": 53, "fields": {"action_time": "2025-06-14T23:10:30.830Z", "user": 1, "content_type": 15, "object_id": "24", "object_repr": "rj : ho", "action_flag": 3, "change_message": ""}}, {"model": "admin.logentry", "pk": 54, "fields": {"action_time": "2025-06-14T23:10:30.831Z", "user": 1, "content_type": 15, "object_id": "25", "object_repr": "rj : lol", "action_flag": 3, "change_message": ""}}, {"model": "admin.logentry", "pk": 55, "fields": {"action_time": "2025-06-14T23:10:30.831Z", "user": 1, "content_type": 15, "object_id": "26", "object_repr": "rj : lol", "action_flag": 3, "change_message": ""}}, {"model": "admin.logentry", "pk": 56, "fields": {"action_time": "2025-06-14T23:10:30.831Z", "user": 1, "content_type": 15, "object_id": "27", "object_repr": "rj : hy", "action_flag": 3, "change_message": ""}}, {"model": "admin.logentry", "pk": 57, "fields": {"action_time": "2025-06-14T23:10:30.831Z", "user": 1, "content_type": 15, "object_id": "28", "object_repr": "rj : wow", "action_flag": 3, "change_message": ""}}, {"model": "admin.logentry", "pk": 58, "fields": {"action_time": "2025-06-14T23:10:30.831Z", "user": 1, "content_type": 15, "object_id": "29", "object_repr": "rj : j", "action_flag": 3, "change_message": ""}}, {"model": "admin.logentry", "pk": 59, "fields": {"action_time": "2025-06-14T23:10:30.831Z", "user": 1, "content_type": 15, "object_id": "30", "object_repr": "rj : jhgh", "action_flag": 3, "change_message": ""}}, {"model": "admin.logentry", "pk": 60, "fields": {"action_time": "2025-06-14T23:10:30.831Z", "user": 1, "content_type": 15, "object_id": "31", "object_repr": "rj : jhgh", "action_flag": 3, "change_message": ""}}, {"model": "admin.logentry", "pk": 61, "fields": {"action_time": "2025-06-14T23:10:30.831Z", "user": 1, "content_type": 15, "object_id": "32", "object_repr": "rj : g", "action_flag": 3, "change_message": ""}}, {"model": "admin.logentry", "pk": 62, "fields": {"action_time": "2025-06-14T23:10:30.831Z", "user": 1, "content_type": 15, "object_id": "33", "object_repr": "rj : gg", "action_flag": 3, "change_message": ""}}, {"model": "admin.logentry", "pk": 63, "fields": {"action_time": "2025-06-14T23:10:30.831Z", "user": 1, "content_type": 15, "object_id": "34", "object_repr": "rj : l", "action_flag": 3, "change_message": ""}}, {"model": "admin.logentry", "pk": 64, "fields": {"action_time": "2025-06-14T23:10:30.831Z", "user": 1, "content_type": 15, "object_id": "35", "object_repr": "rj : ll", "action_flag": 3, "change_message": ""}}, {"model": "admin.logentry", "pk": 65, "fields": {"action_time": "2025-06-14T23:10:30.831Z", "user": 1, "content_type": 15, "object_id": "36", "object_repr": "rj : hmm", "action_flag": 3, "change_message": ""}}, {"model": "admin.logentry", "pk": 66, "fields": {"action_time": "2025-06-14T23:10:30.831Z", "user": 1, "content_type": 15, "object_id": "37", "object_repr": "rj : hi", "action_flag": 3, "change_message": ""}}, {"model": "admin.logentry", "pk": 67, "fields": {"action_time": "2025-06-14T23:10:30.831Z", "user": 1, "content_type": 15, "object_id": "38", "object_repr": "rj : what up", "action_flag": 3, "change_message": ""}}, {"model": "admin.logentry", "pk": 68, "fields": {"action_time": "2025-06-14T23:10:30.831Z", "user": 1, "content_type": 15, "object_id": "39", "object_repr": "rj : hi", "action_flag": 3, "change_message": ""}}, {"model": "admin.logentry", "pk": 69, "fields": {"action_time": "2025-06-26T20:24:51.277Z", "user": 1, "content_type": 7, "object_id": "8", "object_repr": "pow - trainer", "action_flag": 2, "change_message": "[{\"changed\": {\"fields\": [\"Role\"]}}]"}}, {"model": "admin.logentry", "pk": 70, "fields": {"action_time": "2025-06-26T20:28:20.686Z", "user": 1, "content_type": 4, "object_id": "4", "object_repr": "tj", "action_flag": 2, "change_message": "[{\"changed\": {\"fields\": [\"Groups\"]}}]"}}, {"model": "admin.logentry", "pk": 71, "fields": {"action_time": "2025-06-28T12:04:01.824Z", "user": 1, "content_type": 15, "object_id": "113", "object_repr": "rj : hi", "action_flag": 3, "change_message": ""}}, {"model": "admin.logentry", "pk": 72, "fields": {"action_time": "2025-06-28T12:04:01.824Z", "user": 1, "content_type": 15, "object_id": "112", "object_repr": "rj : lol", "action_flag": 3, "change_message": ""}}, {"model": "admin.logentry", "pk": 73, "fields": {"action_time": "2025-06-28T12:04:01.824Z", "user": 1, "content_type": 15, "object_id": "111", "object_repr": "rj : lol", "action_flag": 3, "change_message": ""}}, {"model": "admin.logentry", "pk": 74, "fields": {"action_time": "2025-06-28T12:04:01.824Z", "user": 1, "content_type": 15, "object_id": "110", "object_repr": "pow : hi", "action_flag": 3, "change_message": ""}}, {"model": "admin.logentry", "pk": 75, "fields": {"action_time": "2025-06-28T12:04:01.824Z", "user": 1, "content_type": 15, "object_id": "109", "object_repr": "rj : lol", "action_flag": 3, "change_message": ""}}, {"model": "admin.logentry", "pk": 76, "fields": {"action_time": "2025-06-28T12:04:01.824Z", "user": 1, "content_type": 15, "object_id": "108", "object_repr": "fj : dasdscde", "action_flag": 3, "change_message": ""}}, {"model": "admin.logentry", "pk": 77, "fields": {"action_time": "2025-06-28T12:04:01.824Z", "user": 1, "content_type": 15, "object_id": "107", "object_repr": "rj : sasd", "action_flag": 3, "change_message": ""}}, {"model": "admin.logentry", "pk": 78, "fields": {"action_time": "2025-06-28T12:04:01.824Z", "user": 1, "content_type": 15, "object_id": "106", "object_repr": "fj : hello", "action_flag": 3, "change_message": ""}}, {"model": "admin.logentry", "pk": 79, "fields": {"action_time": "2025-06-28T12:04:01.825Z", "user": 1, "content_type": 15, "object_id": "105", "object_repr": "rj : hhhh", "action_flag": 3, "change_message": ""}}, {"model": "admin.logentry", "pk": 80, "fields": {"action_time": "2025-06-28T12:04:01.825Z", "user": 1, "content_type": 15, "object_id": "104", "object_repr": "rj : hioo", "action_flag": 3, "change_message": ""}}, {"model": "admin.logentry", "pk": 81, "fields": {"action_time": "2025-06-28T12:04:01.825Z", "user": 1, "content_type": 15, "object_id": "103", "object_repr": "fj : hi", "action_flag": 3, "change_message": ""}}, {"model": "admin.logentry", "pk": 82, "fields": {"action_time": "2025-06-28T12:04:01.825Z", "user": 1, "content_type": 15, "object_id": "102", "object_repr": "rj : hello", "action_flag": 3, "change_message": ""}}, {"model": "admin.logentry", "pk": 83, "fields": {"action_time": "2025-06-28T12:04:01.825Z", "user": 1, "content_type": 15, "object_id": "101", "object_repr": "fj : bromm", "action_flag": 3, "change_message": ""}}, {"model": "admin.logentry", "pk": 84, "fields": {"action_time": "2025-06-28T12:04:01.825Z", "user": 1, "content_type": 15, "object_id": "100", "object_repr": "rj : working", "action_flag": 3, "change_message": ""}}, {"model": "admin.logentry", "pk": 85, "fields": {"action_time": "2025-06-28T12:04:01.825Z", "user": 1, "content_type": 15, "object_id": "99", "object_repr": "rj : yooo", "action_flag": 3, "change_message": ""}}, {"model": "admin.logentry", "pk": 86, "fields": {"action_time": "2025-06-28T12:04:01.825Z", "user": 1, "content_type": 15, "object_id": "98", "object_repr": "rj : hola la la", "action_flag": 3, "change_message": ""}}, {"model": "admin.logentry", "pk": 87, "fields": {"action_time": "2025-06-28T12:04:01.825Z", "user": 1, "content_type": 15, "object_id": "97", "object_repr": "rj : how do you do", "action_flag": 3, "change_message": ""}}, {"model": "admin.logentry", "pk": 88, "fields": {"action_time": "2025-06-28T12:04:01.825Z", "user": 1, "content_type": 15, "object_id": "96", "object_repr": "rj : hola", "action_flag": 3, "change_message": ""}}, {"model": "admin.logentry", "pk": 89, "fields": {"action_time": "2025-06-28T12:04:01.825Z", "user": 1, "content_type": 15, "object_id": "95", "object_repr": "rj : waow", "action_flag": 3, "change_message": ""}}, {"model": "admin.logentry", "pk": 90, "fields": {"action_time": "2025-06-28T12:04:01.825Z", "user": 1, "content_type": 15, "object_id": "94", "object_repr": "rj : kikiki", "action_flag": 3, "change_message": ""}}, {"model": "admin.logentry", "pk": 91, "fields": {"action_time": "2025-06-28T12:04:01.825Z", "user": 1, "content_type": 15, "object_id": "93", "object_repr": "rj : brroooom", "action_flag": 3, "change_message": ""}}, {"model": "admin.logentry", "pk": 92, "fields": {"action_time": "2025-06-28T12:04:01.825Z", "user": 1, "content_type": 15, "object_id": "92", "object_repr": "rj : wass", "action_flag": 3, "change_message": ""}}, {"model": "admin.logentry", "pk": 93, "fields": {"action_time": "2025-06-28T12:04:01.825Z", "user": 1, "content_type": 15, "object_id": "91", "object_repr": "rj : hhhh", "action_flag": 3, "change_message": ""}}, {"model": "admin.logentry", "pk": 94, "fields": {"action_time": "2025-06-28T12:04:01.825Z", "user": 1, "content_type": 15, "object_id": "90", "object_repr": "rj : broom", "action_flag": 3, "change_message": ""}}, {"model": "admin.logentry", "pk": 95, "fields": {"action_time": "2025-06-28T12:04:01.825Z", "user": 1, "content_type": 15, "object_id": "89", "object_repr": "rj : lollll", "action_flag": 3, "change_message": ""}}, {"model": "admin.logentry", "pk": 96, "fields": {"action_time": "2025-06-28T12:04:01.825Z", "user": 1, "content_type": 15, "object_id": "88", "object_repr": "rj : what's up", "action_flag": 3, "change_message": ""}}, {"model": "admin.logentry", "pk": 97, "fields": {"action_time": "2025-06-28T12:04:01.825Z", "user": 1, "content_type": 15, "object_id": "87", "object_repr": "rj : gggg", "action_flag": 3, "change_message": ""}}, {"model": "admin.logentry", "pk": 98, "fields": {"action_time": "2025-06-28T12:04:01.825Z", "user": 1, "content_type": 15, "object_id": "86", "object_repr": "rj : gggg", "action_flag": 3, "change_message": ""}}, {"model": "admin.logentry", "pk": 99, "fields": {"action_time": "2025-06-28T12:04:01.825Z", "user": 1, "content_type": 15, "object_id": "85", "object_repr": "rj : hohoo", "action_flag": 3, "change_message": ""}}, {"model": "admin.logentry", "pk": 100, "fields": {"action_time": "2025-06-28T12:04:01.825Z", "user": 1, "content_type": 15, "object_id": "84", "object_repr": "rj : heheeh", "action_flag": 3, "change_message": ""}}, {"model": "admin.logentry", "pk": 101, "fields": {"action_time": "2025-06-28T12:04:01.825Z", "user": 1, "content_type": 15, "object_id": "83", "object_repr": "rj : hoo", "action_flag": 3, "change_message": ""}}, {"model": "admin.logentry", "pk": 102, "fields": {"action_time": "2025-06-28T12:04:01.825Z", "user": 1, "content_type": 15, "object_id": "82", "object_repr": "rj : hi", "action_flag": 3, "change_message": ""}}, {"model": "admin.logentry", "pk": 103, "fields": {"action_time": "2025-06-28T12:04:01.825Z", "user": 1, "content_type": 15, "object_id": "81", "object_repr": "rj : hthhth", "action_flag": 3, "change_message": ""}}, {"model": "admin.logentry", "pk": 104, "fields": {"action_time": "2025-06-28T12:04:01.825Z", "user": 1, "content_type": 15, "object_id": "80", "object_repr": "rj : hohoh", "action_flag": 3, "change_message": ""}}, {"model": "admin.logentry", "pk": 105, "fields": {"action_time": "2025-06-28T12:04:01.825Z", "user": 1, "content_type": 15, "object_id": "79", "object_repr": "rj : hubb", "action_flag": 3, "change_message": ""}}, {"model": "admin.logentry", "pk": 106, "fields": {"action_time": "2025-06-28T12:04:01.825Z", "user": 1, "content_type": 15, "object_id": "78", "object_repr": "rj : hey", "action_flag": 3, "change_message": ""}}, {"model": "admin.logentry", "pk": 107, "fields": {"action_time": "2025-06-28T12:04:01.825Z", "user": 1, "content_type": 15, "object_id": "77", "object_repr": "rj : lol", "action_flag": 3, "change_message": ""}}, {"model": "admin.logentry", "pk": 108, "fields": {"action_time": "2025-06-28T12:04:01.825Z", "user": 1, "content_type": 15, "object_id": "76", "object_repr": "rj : hoo", "action_flag": 3, "change_message": ""}}, {"model": "admin.logentry", "pk": 109, "fields": {"action_time": "2025-06-28T12:04:01.825Z", "user": 1, "content_type": 15, "object_id": "75", "object_repr": "rj : hyy", "action_flag": 3, "change_message": ""}}, {"model": "admin.logentry", "pk": 110, "fields": {"action_time": "2025-06-28T12:04:01.825Z", "user": 1, "content_type": 15, "object_id": "74", "object_repr": "rj : hi", "action_flag": 3, "change_message": ""}}, {"model": "admin.logentry", "pk": 111, "fields": {"action_time": "2025-06-28T12:04:01.825Z", "user": 1, "content_type": 15, "object_id": "73", "object_repr": "rj : hey", "action_flag": 3, "change_message": ""}}, {"model": "admin.logentry", "pk": 112, "fields": {"action_time": "2025-06-28T12:04:01.825Z", "user": 1, "content_type": 15, "object_id": "72", "object_repr": "rj : if", "action_flag": 3, "change_message": ""}}, {"model": "admin.logentry", "pk": 113, "fields": {"action_time": "2025-06-28T12:04:01.825Z", "user": 1, "content_type": 15, "object_id": "71", "object_repr": "rj : lol", "action_flag": 3, "change_message": ""}}, {"model": "admin.logentry", "pk": 114, "fields": {"action_time": "2025-06-28T12:04:01.825Z", "user": 1, "content_type": 15, "object_id": "70", "object_repr": "rj : hoo", "action_flag": 3, "change_message": ""}}, {"model": "admin.logentry", "pk": 115, "fields": {"action_time": "2025-06-28T12:04:01.825Z", "user": 1, "content_type": 15, "object_id": "69", "object_repr": "rj : hi", "action_flag": 3, "change_message": ""}}, {"model": "admin.logentry", "pk": 116, "fields": {"action_time": "2025-06-28T12:04:01.825Z", "user": 1, "content_type": 15, "object_id": "68", "object_repr": "rj : hooho", "action_flag": 3, "change_message": ""}}, {"model": "admin.logentry", "pk": 117, "fields": {"action_time": "2025-06-28T12:04:01.825Z", "user": 1, "content_type": 15, "object_id": "67", "object_repr": "rj : hehehe", "action_flag": 3, "change_message": ""}}, {"model": "admin.logentry", "pk": 118, "fields": {"action_time": "2025-06-28T12:04:01.825Z", "user": 1, "content_type": 15, "object_id": "66", "object_repr": "rj : hooo", "action_flag": 3, "change_message": ""}}, {"model": "admin.logentry", "pk": 119, "fields": {"action_time": "2025-06-28T12:04:01.825Z", "user": 1, "content_type": 15, "object_id": "65", "object_repr": "rj : jj", "action_flag": 3, "change_message": ""}}, {"model": "admin.logentry", "pk": 120, "fields": {"action_time": "2025-06-28T12:04:01.825Z", "user": 1, "content_type": 15, "object_id": "64", "object_repr": "rj : hhh", "action_flag": 3, "change_message": ""}}, {"model": "admin.logentry", "pk": 121, "fields": {"action_time": "2025-06-28T12:04:01.826Z", "user": 1, "content_type": 15, "object_id": "63", "object_repr": "rj : uuu", "action_flag": 3, "change_message": ""}}, {"model": "admin.logentry", "pk": 122, "fields": {"action_time": "2025-06-28T12:04:01.826Z", "user": 1, "content_type": 15, "object_id": "62", "object_repr": "rj : lolllll", "action_flag": 3, "change_message": ""}}, {"model": "admin.logentry", "pk": 123, "fields": {"action_time": "2025-06-28T12:04:01.826Z", "user": 1, "content_type": 15, "object_id": "61", "object_repr": "rj : h]", "action_flag": 3, "change_message": ""}}, {"model": "admin.logentry", "pk": 124, "fields": {"action_time": "2025-06-28T12:04:01.826Z", "user": 1, "content_type": 15, "object_id": "60", "object_repr": "rj : lol", "action_flag": 3, "change_message": ""}}, {"model": "admin.logentry", "pk": 125, "fields": {"action_time": "2025-06-28T12:04:01.826Z", "user": 1, "content_type": 15, "object_id": "59", "object_repr": "rj : gas", "action_flag": 3, "change_message": ""}}, {"model": "admin.logentry", "pk": 126, "fields": {"action_time": "2025-06-28T12:04:01.826Z", "user": 1, "content_type": 15, "object_id": "58", "object_repr": "rj : ggg", "action_flag": 3, "change_message": ""}}, {"model": "admin.logentry", "pk": 127, "fields": {"action_time": "2025-06-28T12:04:01.826Z", "user": 1, "content_type": 15, "object_id": "57", "object_repr": "rj : gg", "action_flag": 3, "change_message": ""}}, {"model": "admin.logentry", "pk": 128, "fields": {"action_time": "2025-06-28T12:04:01.826Z", "user": 1, "content_type": 15, "object_id": "56", "object_repr": "rj : gf", "action_flag": 3, "change_message": ""}}, {"model": "admin.logentry", "pk": 129, "fields": {"action_time": "2025-06-28T12:04:01.826Z", "user": 1, "content_type": 15, "object_id": "55", "object_repr": "rj : lol", "action_flag": 3, "change_message": ""}}, {"model": "admin.logentry", "pk": 130, "fields": {"action_time": "2025-06-28T12:04:01.826Z", "user": 1, "content_type": 15, "object_id": "54", "object_repr": "rj : ki", "action_flag": 3, "change_message": ""}}, {"model": "admin.logentry", "pk": 131, "fields": {"action_time": "2025-06-28T12:04:01.826Z", "user": 1, "content_type": 15, "object_id": "53", "object_repr": "rj : hi", "action_flag": 3, "change_message": ""}}, {"model": "admin.logentry", "pk": 132, "fields": {"action_time": "2025-06-28T12:04:01.826Z", "user": 1, "content_type": 15, "object_id": "52", "object_repr": "rj : hola", "action_flag": 3, "change_message": ""}}, {"model": "admin.logentry", "pk": 133, "fields": {"action_time": "2025-06-28T12:04:01.826Z", "user": 1, "content_type": 15, "object_id": "51", "object_repr": "rj : yep", "action_flag": 3, "change_message": ""}}, {"model": "admin.logentry", "pk": 134, "fields": {"action_time": "2025-06-28T12:04:01.826Z", "user": 1, "content_type": 15, "object_id": "50", "object_repr": "rj : if", "action_flag": 3, "change_message": ""}}, {"model": "admin.logentry", "pk": 135, "fields": {"action_time": "2025-06-28T12:04:01.826Z", "user": 1, "content_type": 15, "object_id": "49", "object_repr": "rj : lol", "action_flag": 3, "change_message": ""}}, {"model": "admin.logentry", "pk": 136, "fields": {"action_time": "2025-06-28T12:04:01.826Z", "user": 1, "content_type": 15, "object_id": "48", "object_repr": "rj : nice", "action_flag": 3, "change_message": ""}}, {"model": "admin.logentry", "pk": 137, "fields": {"action_time": "2025-06-28T12:04:01.826Z", "user": 1, "content_type": 15, "object_id": "47", "object_repr": "rj : working", "action_flag": 3, "change_message": ""}}, {"model": "admin.logentry", "pk": 138, "fields": {"action_time": "2025-06-28T12:04:01.826Z", "user": 1, "content_type": 15, "object_id": "46", "object_repr": "rj : what", "action_flag": 3, "change_message": ""}}, {"model": "admin.logentry", "pk": 139, "fields": {"action_time": "2025-06-28T12:04:01.826Z", "user": 1, "content_type": 15, "object_id": "45", "object_repr": "rj : hmm", "action_flag": 3, "change_message": ""}}, {"model": "admin.logentry", "pk": 140, "fields": {"action_time": "2025-06-28T12:04:01.826Z", "user": 1, "content_type": 15, "object_id": "44", "object_repr": "rj : gh", "action_flag": 3, "change_message": ""}}, {"model": "admin.logentry", "pk": 141, "fields": {"action_time": "2025-06-28T12:04:01.826Z", "user": 1, "content_type": 15, "object_id": "43", "object_repr": "rj : hhhh", "action_flag": 3, "change_message": ""}}, {"model": "admin.logentry", "pk": 142, "fields": {"action_time": "2025-06-28T12:04:01.826Z", "user": 1, "content_type": 15, "object_id": "42", "object_repr": "rj : hh", "action_flag": 3, "change_message": ""}}, {"model": "admin.logentry", "pk": 143, "fields": {"action_time": "2025-06-28T12:04:01.826Z", "user": 1, "content_type": 15, "object_id": "41", "object_repr": "rj : j", "action_flag": 3, "change_message": ""}}, {"model": "admin.logentry", "pk": 144, "fields": {"action_time": "2025-06-28T12:04:01.826Z", "user": 1, "content_type": 15, "object_id": "40", "object_repr": "rj : h", "action_flag": 3, "change_message": ""}}, {"model": "admin.logentry", "pk": 145, "fields": {"action_time": "2025-06-28T12:04:01.826Z", "user": 1, "content_type": 15, "object_id": "16", "object_repr": "rj : hi", "action_flag": 3, "change_message": ""}}, {"model": "admin.logentry", "pk": 146, "fields": {"action_time": "2025-06-28T12:04:17.330Z", "user": 1, "content_type": 16, "object_id": "3", "object_repr": "n9Axv7we4kETMZHPqucRwC", "action_flag": 3, "change_message": ""}}, {"model": "admin.logentry", "pk": 147, "fields": {"action_time": "2025-06-28T12:04:17.330Z", "user": 1, "content_type": 16, "object_id": "2", "object_repr": "daExARH87U3oSsuVN3s3v2", "action_flag": 3, "change_message": ""}}, {"model": "admin.logentry", "pk": 148, "fields": {"action_time": "2025-06-28T12:04:17.330Z", "user": 1, "content_type": 16, "object_id": "1", "object_repr": "private_chat", "action_flag": 3, "change_message": ""}}, {"model": "admin.logentry", "pk": 149, "fields": {"action_time": "2025-06-28T12:33:08.192Z", "user": 1, "content_type": 13, "object_id": "2", "object_repr": "Google Login", "action_flag": 2, "change_message": "[]"}}, {"model": "admin.logentry", "pk": 150, "fields": {"action_time": "2025-06-28T13:48:40.887Z", "user": 1, "content_type": 17, "object_id": "1", "object_repr": "rj - 4/5", "action_flag": 3, "change_message": ""}}, {"model": "admin.logentry", "pk": 151, "fields": {"action_time": "2025-06-28T19:18:17.002Z", "user": 1, "content_type": 7, "object_id": "4", "object_repr": "gj - trainer", "action_flag": 2, "change_message": "[{\"changed\": {\"fields\": [\"Role\"]}}]"}}, {"model": "admin.logentry", "pk": 152, "fields": {"action_time": "2025-07-07T23:44:19.747Z", "user": 1, "content_type": 19, "object_id": "3", "object_repr": "fj → pow on 2025-07-10 17:00", "action_flag": 3, "change_message": ""}}, {"model": "admin.logentry", "pk": 153, "fields": {"action_time": "2025-07-07T23:44:19.747Z", "user": 1, "content_type": 19, "object_id": "2", "object_repr": "fj → pow on 2025-07-10 17:00", "action_flag": 3, "change_message": ""}}, {"model": "admin.logentry", "pk": 154, "fields": {"action_time": "2025-07-10T21:47:16.234Z", "user": 1, "content_type": 20, "object_id": "2", "object_repr": "fj → pow - 2025-07-10 21:36:59.716356+00:00", "action_flag": 2, "change_message": "[{\"changed\": {\"fields\": [\"Description\"]}}]"}}, {"model": "admin.logentry", "pk": 155, "fields": {"action_time": "2025-07-10T21:53:40.780Z", "user": 1, "content_type": 20, "object_id": "2", "object_repr": "fj → pow - 2025-07-10 21:36:59.716356+00:00", "action_flag": 2, "change_message": "[{\"changed\": {\"fields\": [\"Workout image\"]}}]"}}, {"model": "admin.logentry", "pk": 156, "fields": {"action_time": "2025-07-16T13:03:42.135Z", "user": 1, "content_type": 21, "object_id": "3", "object_repr": "fj - 2025-07-16", "action_flag": 3, "change_message": ""}}, {"model": "admin.logentry", "pk": 157, "fields": {"action_time": "2025-07-16T13:03:42.135Z", "user": 1, "content_type": 21, "object_id": "2", "object_repr": "fj - 2025-07-13", "action_flag": 3, "change_message": ""}}, {"model": "admin.logentry", "pk": 158, "fields": {"action_time": "2025-07-16T13:03:42.135Z", "user": 1, "content_type": 21, "object_id": "1", "object_repr": "fj - 2025-07-12", "action_flag": 3, "change_message": ""}}, {"model": "auth.group", "pk": 1, "fields": {"name": "admin", "permissions": []}}, {"model": "auth.group", "pk": 2, "fields": {"name": "user", "permissions": []}}, {"model": "auth.group", "pk": 3, "fields": {"name": "trainer", "permissions": []}}, {"model": "auth.user", "pk": 1, "fields": {"password": "pbkdf2_sha256$1000000$krNlURYgnE6Gairc4VH2bj$q6Z7+4QIb1tFzKDACXMJ0fE+FwLCDYOKFIBTgOKV8sI=", "last_login": "2025-07-17T05:25:14.803Z", "is_superuser": true, "username": "soham", "first_name": "", "last_name": "", "email": "sohamrs0610@gmail.com", "is_staff": true, "is_active": true, "date_joined": "2025-05-15T20:01:52Z", "groups": [1], "user_permissions": []}}, {"model": "auth.user", "pk": 2, "fields": {"password": "pbkdf2_sha256$1000000$NP77U2IwY5P0LIDpyNnnuX$UF/xd7PMLiqQHO5B/3NsG1E5e1oUNdB0bDcxTxx+FaI=", "last_login": null, "is_superuser": false, "username": "dj", "first_name": "", "last_name": "", "email": "dj@g.co", "is_staff": false, "is_active": true, "date_joined": "2025-05-18T21:55:22Z", "groups": [2], "user_permissions": []}}, {"model": "auth.user", "pk": 3, "fields": {"password": "pbkdf2_sha256$1000000$UW78rqUq0yssAVImKmZBeR$IXtK3qU301tNFL7GnooDKsipaS1tR24t3cIOnV+ybPQ=", "last_login": "2025-06-26T20:40:49.189Z", "is_superuser": false, "username": "cj", "first_name": "", "last_name": "", "email": "cj@g.co", "is_staff": false, "is_active": true, "date_joined": "2025-05-18T22:19:22Z", "groups": [3], "user_permissions": []}}, {"model": "auth.user", "pk": 4, "fields": {"password": "pbkdf2_sha256$1000000$YmUQiLoAwuRILlGpbqSC2e$j5KNpbW7AN3Bf5n0KzFmTNgLj694O7ygG0vpVF0ilDI=", "last_login": "2025-06-28T18:36:09.676Z", "is_superuser": false, "username": "tj", "first_name": "", "last_name": "", "email": "tj@g.co", "is_staff": false, "is_active": true, "date_joined": "2025-05-19T23:00:20Z", "groups": [3], "user_permissions": []}}, {"model": "auth.user", "pk": 5, "fields": {"password": "pbkdf2_sha256$1000000$quoBr9ori7QY0LHXhFBFcF$XWi5dkYxNjcQSFtMcSEhbT7XeDfsHyHK3U6nUKErZ6I=", "last_login": "2025-06-28T18:41:22.229Z", "is_superuser": false, "username": "gj", "first_name": "", "last_name": "", "email": "gj@g.co", "is_staff": false, "is_active": true, "date_joined": "2025-05-20T21:36:53.713Z", "groups": [3], "user_permissions": []}}, {"model": "auth.user", "pk": 6, "fields": {"password": "pbkdf2_sha256$1000000$YD2qFnCHfFuifUx5xBQjFq$RvnRSVM6PfinXuu6zXpsIphsmFgPbGLwVV5l58Qk9ys=", "last_login": "2025-07-16T13:39:07.408Z", "is_superuser": false, "username": "fj", "first_name": "", "last_name": "", "email": "fj@gmail.com", "is_staff": false, "is_active": true, "date_joined": "2025-05-21T13:14:43.785Z", "groups": [2], "user_permissions": []}}, {"model": "auth.user", "pk": 7, "fields": {"password": "pbkdf2_sha256$1000000$I4LB6aUkSGXDsplkUMNpKZ$PGdD+dLLNRuTU9KcICGcVmUx/E37Qezz71M8+Az7rKg=", "last_login": "2025-07-06T22:28:49.070Z", "is_superuser": false, "username": "rj", "first_name": "", "last_name": "", "email": "rj@g.co", "is_staff": false, "is_active": true, "date_joined": "2025-05-27T23:26:09Z", "groups": [3], "user_permissions": []}}, {"model": "auth.user", "pk": 8, "fields": {"password": "pbkdf2_sha256$1000000$vhB02GjJBVcLOOsCwLhWff$OlYcQhkfiIWeOWho9bXkbvwWz5+0pBiWeOQWQL1Y4ok=", "last_login": "2025-06-25T18:23:09.825Z", "is_superuser": false, "username": "io", "first_name": "", "last_name": "", "email": "io@g.co", "is_staff": false, "is_active": true, "date_joined": "2025-05-31T17:36:17.749Z", "groups": [2], "user_permissions": []}}, {"model": "auth.user", "pk": 9, "fields": {"password": "pbkdf2_sha256$1000000$Zy1aaFJ6VKZDYg6h9Mq8yS$XeKKkSMOvezq8WIndwCNLM2MLNiIFUJIg7tbNSYiEKU=", "last_login": "2025-07-12T22:31:20.582Z", "is_superuser": false, "username": "pow", "first_name": "", "last_name": "", "email": "pow@gmail.com", "is_staff": false, "is_active": true, "date_joined": "2025-06-01T17:09:07.977Z", "groups": [3], "user_permissions": []}}, {"model": "auth.user", "pk": 10, "fields": {"password": "!BhvWD7FUL1CuYpieRkXtipzTCdA6IHTHhfnvzBgo", "last_login": "2025-06-28T19:29:55.600Z", "is_superuser": false, "username": "soham9", "first_name": "Soham", "last_name": "Sarkar", "email": "stapasi542@gmail.com", "is_staff": false, "is_active": true, "date_joined": "2025-06-28T12:24:27.247Z", "groups": [], "user_permissions": []}}, {"model": "auth.user", "pk": 11, "fields": {"password": "pbkdf2_sha256$1000000$31pSDqJ91Ux5mojc5au0lK$SvKuuu02tEo/tJ7Tzz8X+yhdXNRLpn4lGPuZ9WjFCek=", "last_login": "2025-06-28T20:12:54.496Z", "is_superuser": false, "username": "yo", "first_name": "", "last_name": "", "email": "yo@g.co", "is_staff": false, "is_active": true, "date_joined": "2025-06-28T20:12:16.907Z", "groups": [2], "user_permissions": []}}, {"model": "sessions.session", "pk": "0lwfhdfdn2id9z8et89oe57q0c1651ej", "fields": {"session_data": ".eJwlycsKAiEUANB_uWuJMUPNr5hVwUSIXO-EZDr4aCP-e4vO9gyoGYOLDjH31GxtrlEFM-C2uL6K3X-29c436cE8BhwlI9UKBmJ-hQQMvGsOTOoxMjjeSBazJ_ulEvZA5T-TcXXRSl-1FCe5cC7U-TnnD6kHKaU:1uLk87:4SUnMnYh6lB20ND1eKemn_Ubt6gbzu5DsJmD_-KGYno", "expire_date": "2025-06-15T14:57:43.603Z"}}, {"model": "sessions.session", "pk": "6uede36aot8ahcvmkukvoh1se1qt17ei", "fields": {"session_data": ".eJxVjEEOwiAQRe_C2hCGCgWX7j0DmWFAqgaS0q6MdzckXej2v_f-WwTctxL2ntawsLgIEKffjTA-Ux2AH1jvTcZWt3UhORR50C5vjdPrerh_BwV7GfWsp6xJAWaH-awxTclFNAbZOQBnLUyA3hlLitlyRkKws9dJkfJsxecL8TA4Jg:1ucH7K:_QtjfxaNSdShP064xVDzGnGOGQckVyO56F5AHJDOEmo", "expire_date": "2025-07-31T05:25:14.808Z"}}, {"model": "sessions.session", "pk": "78sx2c8phscs0yd43ssxg4d5ff791aj4", "fields": {"session_data": ".eJxVjDsOwjAQBe_iGln-rmNK-pwh2qzXOIAcKU4qxN2RpRTQvpl5bzHhsZfpaLxNSxJXAeLyu81IT64dpAfW-ypprfu2zLIr8qRNjmvi1-10_w4KttJrldGFrAZrgqHZJUYC76M2IXl2NmgPDiwBctCK2BpjKecIg0bLEcTnC90tN3o:1uTmwv:9VFB5iQ31E2ptv0RqurJOuqFYyEHn3C4oc9DvpYPjIg", "expire_date": "2025-07-07T19:35:25.410Z"}}, {"model": "sessions.session", "pk": "9oi60g3hjdwouxnur26146uq1l4oc7ug", "fields": {"session_data": "e30:1uGmmG:hwVozc6ZW7ofiIJIKB-at8TdgXW5O56QKvYeo4d2G_M", "expire_date": "2025-06-01T22:46:40.585Z"}}, {"model": "sessions.session", "pk": "g2t14ed7rsq2aqq858ejgmq40yrfcckt", "fields": {"session_data": "e30:1uGmlg:gZxtzSJbfdr4vrQOLv8GxTKV_CrcStkNOv7l0UB5-B0", "expire_date": "2025-06-01T22:46:04.211Z"}}, {"model": "sessions.session", "pk": "mscbh1ybqf3a72j112tyluoz7k9csikx", "fields": {"session_data": ".eJxVjDsOwjAQBe_iGln-rmNK-pwh2qzXOIAcKU4qxN2RpRTQvpl5bzHhsZfpaLxNSxJXAeLyu81IT64dpAfW-ypprfu2zLIr8qRNjmvi1-10_w4KttJrldGFrAZrgqHZJUYC76M2IXl2NmgPDiwBctCK2BpjKecIg0bLEcTnC90tN3o:1uU0y3:31mCQYiEAOqMZhK4tqr7z0QDwTE0p0CgCuzsR-vI4qQ", "expire_date": "2025-07-08T10:33:31.632Z"}}, {"model": "sessions.session", "pk": "t3lruaful0yrg7wgql6y7bcioxsn8a68", "fields": {"session_data": "e30:1uGmoB:ztXrcJPGiiOJpMZ4XuAAgtk-0jPStj23np0eAi0Nzww", "expire_date": "2025-06-01T22:48:39.415Z"}}, {"model": "sessions.session", "pk": "u5zw0xa7hvhqf17z447et3mctn9du33p", "fields": {"session_data": ".eJxVjDsOwjAQBe_iGln-rmNK-pwh2qzXOIAcKU4qxN2RpRTQvpl5bzHhsZfpaLxNSxJXAeLyu81IT64dpAfW-ypprfu2zLIr8qRNjmvi1-10_w4KttJrldGFrAZrgqHZJUYC76M2IXl2NmgPDiwBctCK2BpjKecIg0bLEcTnC90tN3o:1uc2Lj:T5Iq7mCyEXXW5gZKoZfH-TooJKE4aGe5LyQxYqF6pus", "expire_date": "2025-07-30T13:39:07.415Z"}}, {"model": "sessions.session", "pk": "xndicu3qqb5qxvvj6ufukrq8l95laktg", "fields": {"session_data": ".eJxVjDEOgzAMAP_iuYpiSGJg7N43IDsOhbZKJAJT1b9XSAztene6N4y8b_O417SOi8IABJdfJhyfKR9CH5zvxcSSt3URcyTmtNXciqbX9Wz_BjPXGQZwlgWJPKqLnhq0OgVBR64jDU3nJ6_cRpUW-9Cys55FUlTuxWEXLMHnC8_IN5Y:1uKj2g:QfYgdQkcnYI6YAawMEZmqydMCBE6uA63JVHBc4eT3-M", "expire_date": "2025-06-12T19:35:54.336Z"}}, {"model": "accounts.profile", "pk": 1, "fields": {"user": 2, "role": "user", "username": "dj", "first_name": "d", "last_name": "j", "age": 20, "gender": "male", "phone_number": 90, "whatsapp_number": 90, "email": "lol@lo.co", "address": "hehe", "profile_pic": "Screenshot_From_2025-05-16_18-31-00.png"}}, {"model": "accounts.profile", "pk": 2, "fields": {"user": 3, "role": "trainer", "username": "cj", "first_name": "c", "last_name": "j", "age": 76, "gender": "male", "phone_number": 525256252, "whatsapp_number": 52652562, "email": "cj@g.co", "address": "lklk", "profile_pic": "Screenshot_From_2025-05-29_12-10-49_lub3J7N.png"}}, {"model": "accounts.profile", "pk": 3, "fields": {"user": 4, "role": "trainer", "username": "tj", "first_name": "t", "last_name": "j", "age": 89, "gender": "male", "phone_number": 9099, "whatsapp_number": 98889, "email": "tj@g.co", "address": "sdasd", "profile_pic": "Screenshot_From_2025-05-30_19-00-56.png"}}, {"model": "accounts.profile", "pk": 4, "fields": {"user": 5, "role": "trainer", "username": "gj", "first_name": "g", "last_name": "j", "age": 90, "gender": "male", "phone_number": 912121, "whatsapp_number": 912121, "email": "gj@g.co", "address": "sdas", "profile_pic": ""}}, {"model": "accounts.profile", "pk": 5, "fields": {"user": 6, "role": "user", "username": "fj", "first_name": "f", "last_name": "j", "age": 78, "gender": "female", "phone_number": 3343, "whatsapp_number": 343, "email": "fj@gmail.com", "address": "2323232", "profile_pic": "Screenshot_From_2025-06-13_19-15-16.png"}}, {"model": "accounts.profile", "pk": 6, "fields": {"user": 7, "role": "user", "username": "rj", "first_name": "r", "last_name": "j", "age": 13, "gender": "male", "phone_number": 343, "whatsapp_number": 3434, "email": "rj@g.co", "address": "33", "profile_pic": "Screenshot_From_2025-05-29_12-10-49_KtnH2uY.png"}}, {"model": "accounts.profile", "pk": 7, "fields": {"user": 8, "role": "user", "username": "io", "first_name": "i", "last_name": "o", "age": 15, "gender": "female", "phone_number": 908, "whatsapp_number": 908, "email": "io@g.co", "address": "iooo", "profile_pic": "Screenshot_From_2025-05-16_17-05-42_spJSPuh.png"}}, {"model": "accounts.profile", "pk": 8, "fields": {"user": 9, "role": "trainer", "username": "pow", "first_name": "po", "last_name": "wo", "age": 18, "gender": "male", "phone_number": 908805696, "whatsapp_number": 908805696, "email": "pow@gmail.com", "address": "LOL", "profile_pic": "Screenshot_From_2025-05-29_12-10-49_XgJo0DC.png"}}, {"model": "accounts.profile", "pk": 9, "fields": {"user": 11, "role": "user", "username": "yo", "first_name": "y", "last_name": "o", "age": 76, "gender": "male", "phone_number": 9088805696, "whatsapp_number": 9088805696, "email": "yo@g.co", "address": "lol", "profile_pic": "Screenshot_From_2025-05-29_12-10-49_BkOhe5c.png"}}, {"model": "accounts.trainerrequest", "pk": 4, "fields": {"user": 9, "message": "i want to be a trainer", "status": "approved", "created_at": "2025-06-01T17:11:14.259Z"}}, {"model": "accounts.trainerrequest", "pk": 5, "fields": {"user": 5, "message": "i want to be a trainer", "status": "approved", "created_at": "2025-06-28T18:37:47.975Z"}}, {"model": "accounts.trainerrequest", "pk": 6, "fields": {"user": 7, "message": "i want to be a trainer 2", "status": "approved", "created_at": "2025-06-28T20:17:04.454Z"}}, {"model": "accounts.review", "pk": 2, "fields": {"user": 7, "trainer": 9, "content": "good", "rating": 4, "created_at": "2025-06-28T13:58:42.486Z"}}, {"model": "accounts.review", "pk": 3, "fields": {"user": 7, "trainer": 9, "content": "good", "rating": 4, "created_at": "2025-06-28T13:59:07.274Z"}}, {"model": "accounts.review", "pk": 4, "fields": {"user": 7, "trainer": 9, "content": "good", "rating": 4, "created_at": "2025-06-28T14:02:33.985Z"}}, {"model": "accounts.review", "pk": 5, "fields": {"user": 7, "trainer": 9, "content": "hebbi", "rating": 5, "created_at": "2025-06-28T14:02:45.842Z"}}, {"model": "accounts.review", "pk": 6, "fields": {"user": 7, "trainer": 4, "content": "gooooooddd", "rating": 3, "created_at": "2025-06-28T14:05:03.920Z"}}, {"model": "accounts.stepentry", "pk": 1, "fields": {"user": 6, "date": "2025-07-06", "steps": 1000}}, {"model": "accounts.stepentry", "pk": 2, "fields": {"user": 6, "date": "2025-07-05", "steps": 1200}}, {"model": "accounts.stepentry", "pk": 3, "fields": {"user": 6, "date": "2025-07-04", "steps": 800}}, {"model": "accounts.stepentry", "pk": 4, "fields": {"user": 6, "date": "2025-07-03", "steps": 900}}, {"model": "accounts.stepentry", "pk": 5, "fields": {"user": 6, "date": "2025-07-02", "steps": 2000}}, {"model": "accounts.stepentry", "pk": 6, "fields": {"user": 6, "date": "2025-07-01", "steps": 500}}, {"model": "accounts.appointments", "pk": 1, "fields": {"trainee": 6, "trainer": 9, "created_at": "2025-07-07T23:31:37.477Z", "start_datetime": "2025-07-10T17:00:00Z", "end_datetime": "2025-07-10T19:00:00Z", "status": "CONFIRMED", "description": "short meet"}}, {"model": "accounts.workouts", "pk": 1, "fields": {"trainee": 6, "trainer": 9, "created_at": "2025-07-09T22:51:11.527Z", "description": null, "workout_name": "bicep curl", "workout_image": "", "reps": 10, "sets": 10, "day": "Wednesday"}}, {"model": "accounts.workouts", "pk": 2, "fields": {"trainee": 6, "trainer": 9, "created_at": "2025-07-10T21:36:59.716Z", "description": "curl", "workout_name": "bicep curl", "workout_image": "bicep_curl.jpg", "reps": 10, "sets": 10, "day": "Thursday"}}, {"model": "accounts.workouts", "pk": 3, "fields": {"trainee": 6, "trainer": 9, "created_at": "2025-07-12T22:32:43.184Z", "description": null, "workout_name": "Bench Press", "workout_image": "bench-press.jpg", "reps": 10, "sets": 10, "day": "Saturday"}}, {"model": "accounts.dailyentry", "pk": 4, "fields": {"user": 6, "date": "2025-07-16", "calories": 1000, "steps": 1500, "heartrate": null, "sleep": null, "water": null, "workout_data": {}}}, {"model": "accounts.dailyentry", "pk": 5, "fields": {"user": 1, "date": "2025-07-16", "calories": null, "steps": null, "heartrate": null, "sleep": null, "water": null, "workout_data": {}}}, {"model": "accounts.dailyentry", "pk": 6, "fields": {"user": 6, "date": "2025-07-17", "calories": 2000, "steps": 1400, "heartrate": 100, "sleep": 5, "water": 2, "workout_data": {"2": 0}}}, {"model": "accounts.target", "pk": 1, "fields": {"user": 6, "calories": 1500, "steps": 1200, "water": 2, "sleep": 6, "created_at": "2025-07-13T23:13:07.990Z"}}, {"model": "accounts.target", "pk": 2, "fields": {"user": 1, "calories": 1000, "steps": 1200, "water": 1, "sleep": 8, "created_at": "2025-07-16T13:36:57.346Z"}}, {"model": "chat_rt.chatgroup", "pk": 4, "fields": {"group_name": "GVtdbHFQQuTCDv9S2XfyRH", "members": [6, 8]}}, {"model": "chat_rt.chatgroup", "pk": 5, "fields": {"group_name": "CschTw6xtL8QsUVPSzq64o", "members": [2, 6]}}, {"model": "chat_rt.chatgroup", "pk": 6, "fields": {"group_name": "XGunc4eAkbc8gX4TYwvgYR", "members": [3, 6]}}, {"model": "chat_rt.chatgroup", "pk": 7, "fields": {"group_name": "WVVTAc9fFvZyWJmnV9gUjv", "members": [4, 5]}}, {"model": "chat_rt.groupmessage", "pk": 114, "fields": {"group": 4, "author": 6, "body": "lol", "created": "2025-06-28T12:12:36.371Z"}}, {"model": "chat_rt.groupmessage", "pk": 115, "fields": {"group": 4, "author": 6, "body": "hi", "created": "2025-06-28T12:13:29.271Z"}}, {"model": "chat_rt.groupmessage", "pk": 116, "fields": {"group": 4, "author": 8, "body": "hello", "created": "2025-06-28T12:14:06.766Z"}}, {"model": "chat_rt.groupmessage", "pk": 117, "fields": {"group": 4, "author": 6, "body": "lol", "created": "2025-06-28T20:18:40.894Z"}}, {"model": "sites.site", "pk": 1, "fields": {"domain": "example.com", "name": "example.com"}}, {"model": "sites.site", "pk": 2, "fields": {"domain": "localhost:8000", "name": "Localhost"}}, {"model": "account.emailaddress", "pk": 1, "fields": {"user": 10, "email": "stapasi542@gmail.com", "verified": true, "primary": true}}, {"model": "socialaccount.socialapp", "pk": 2, "fields": {"provider": "google", "provider_id": "", "name": "Google Login", "client_id": "48991648532-secatconmh863t14mdbbhv6ur5g9kf2g.apps.googleusercontent.com", "secret": "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", "key": "", "settings": {}, "sites": [2]}}, {"model": "socialaccount.socialaccount", "pk": 1, "fields": {"user": 10, "provider": "google", "uid": "113511952283432847591", "last_login": "2025-06-28T19:29:55.571Z", "date_joined": "2025-06-28T12:24:27.380Z", "extra_data": {"iss": "https://accounts.google.com", "azp": "48991648532-secatconmh863t14mdbbhv6ur5g9kf2g.apps.googleusercontent.com", "aud": "48991648532-secatconmh863t14mdbbhv6ur5g9kf2g.apps.googleusercontent.com", "sub": "113511952283432847591", "email": "stapasi542@gmail.com", "email_verified": true, "at_hash": "ezGYA1OCJk0EbYh_vd8gEg", "name": "Soham Sarkar", "picture": "https://lh3.googleusercontent.com/a/ACg8ocJOcnPUpME4yaCyz4Gnqpgekebe9XJYWATirEwVBRYMti4UPdiN=s96-c", "given_name": "Soham", "family_name": "Sarkar", "iat": 1751138995, "exp": 1751142595}}}]